<job>
	<Codeunit Classpath="./JavaRedux" Source="./ReduxProblemSolved" Code="" FeatureSample="">
		<Class Name="java.util.ArrayList">
			<Method Name="ArrayList" Parameters=""/>
			<Method Name="ArrayList" Parameters="int"/>
			<Method Name="size"/>
			<Method Name="ensureCapacity"/>
			<Method Name="clear"/>
			<Method Name="add"/>
			<Method Name="fastRemove"/>
			<Method Name="isEmpty"/>
			<Method Name="outOfBoundsMsg"/>
			<Method Name="rangeCheck"/>
			<Method Name="rangeCheckForAdd"/>
			<Method Name="trimToSize"/>
		</Class>
		<Class Name="java.lang.Math">
		    <Method Name="abs"/>
			<Method Name="max"/>
			<Method Name="min"/>
		</Class>
		<Class Name="BankAccount.Account">
			<Method Name="Account"/>
			<Method Name="update"/>
			<Method Name="undoUpdate"/>
			<Method Name="credit"/>
			<Method Name="lock"/>
			<Method Name="unLock"/>
			<Method Name="isLocked"/>
		</Class>
		<Class Name="BankAccount.Application">
			<Method Name="nextDay"/>
			<Method Name="nextYear"/>
		</Class>
		<Class Name="BankAccount.Transaction">
			<Method Name="transfer"/>
			<Method Name="lock"/>
		</Class>
		<Class Name="Examples_from_Chapter_7.Average">
			<Method Name="averageCredits"/>
		</Class>
		<Class Name="Examples_from_Chapter_7.BlockContract">
			<Method Name="swapInBetween"/>
		</Class>
		<Class Name="Examples_from_Chapter_7.LimitedIntegerSet">
			<Method Name="add"/>
			<Method Name="contains"/>
			<Method Name="remove"/>
		</Class>
		<Class Name="Examples_from_Chapter_7.MatrixImplem">
			<Method Name="MatrixImplem" Parameters="int,int"/>
			<Method Name="coordX"/>
			<Method Name="coordY"/>
			<Method Name="get"/>
		</Class>
		<Class Name="Examples_from_Chapter_7.StudentA">
			<Method Name="addCredits"/>
			<Method Name="changeToMaster"/>
			<Method Name="getName"/>
			<Method Name="setName"/>
			<Method Name="updateCredits"/>
		</Class>
		<Class Name="Examples_from_Chapter_7.ArraySearchWhile">
			<Method Name="search"/>
		</Class>
		<Class Name="Examples_from_Chapter_7.ArraySumForEach">
			<Method Name="sum"/>
		</Class>
		<Class Name="Examples_from_Chapter_16.PostInc">
			<Method Name="postinc"/>
		</Class>
		<Class Name="Examples_from_Chapter_16.Sort">
			<Method Name="max"/>
			<Method Name="sort"/>
		</Class>
		<Class Name="openjml.TickTockClock">
			<Method Name="getHour"/>
			<Method Name="getMinute"/>
			<Method Name="getSecond"/>
			<Method Name="tick"/>
		</Class>
		<Class Name="openjml.BeanCan">
			<Method Name="BeanCan"/>
			<Method Name="remove"/>
			<Method Name="pick_random"/>
			<Method Name="play_game"/>
		</Class>
		<Class Name="openjml.LoopExamples">
			<Method Name="contains"/>
			<Method Name="setA"/>
		</Class>
		<Class Name="openjml.Time">
			<Method Name="Time"/>
			<Method Name="setTime" />
			<Method Name="getMinute"/>
			<Method Name="getTime"/>
		</Class>
		<Class Name="openjml.CashAmount">
			<Method Name="CashAmount"/>
			<Method Name="negate" />
			<Method Name="increase"/>
			<Method Name="decrease"/>
			<Method Name="add"/>
			<Method Name="dollars"/>
			<Method Name="cents"/>
		</Class>
		<Class Name="openjml.ChangeCase">
			<Method Name="changeCase"/>
		</Class>
		<Class Name="openjml.SumAndMax">
			<Method Name="sum"/>
			<Method Name="max"/>
		</Class>
		<Class Name="openjml.Customer">
			<Method Name="enter"/>
			<Method Name="leave" />
			<Method Name="request"/>
		</Class>
		<Class Name="openjml.MaxByElimination">
			<Method Name="max"/>
		</Class>
		<Class Name="openjml.Bag">
			<Method Name="Bag"/>
			<Method Name="getCount"/>
			<Method Name="add"/>
			<Method Name="arraycopy"/>
		</Class>
	</Codeunit>
</job>
