<job >
	<Codeunit Configuration="config/default.properties">
	<Problem Source="cpacheckerprojects/testFiles/byte_add_1-2.c"
				Binary="cpacheckerprojects/testFiles/byte_add_1-2.i"
	 			Parameters=""
	 			SPLSampleFile=""
	 	/>
		<Problem Source="cpacheckerprojects/testFiles/chunk1.c"
				Binary="cpacheckerprojects/testFiles/chunk1.i"
	 			Parameters=""
	 			SPLSampleFile=""
	 	/>
		<Problem Source="cpacheckerprojects/testFiles/cstrcpy_malloc.c"
				Binary="cpacheckerprojects/testFiles/cstrcpy_malloc.i"
	 			Parameters=""
	 			SPLSampleFile=""
	 	/>
		<Problem Source="cpacheckerprojects/testFiles/mapavg2.c"
				Binary="cpacheckerprojects/testFiles/mapavg2.i"
				Parameters=""
				SPLSampleFile=""
		/>
		<Problem Source="cpacheckerprojects/testFiles/dancing.c"
				Binary="cpacheckerprojects/testFiles/dancing.i"
	 			Parameters=""
	 			SPLSampleFile=""
	 	/>
		<Problem Source="cpacheckerprojects/testFiles/rlim_invariant.c.p+cfa-reducer.c"
			Binary="cpacheckerprojects/testFiles/rlim_invariant.c.p+cfa-reducer.i"
			Parameters=""
			SPLSampleFile=""
	  />
		<Problem Source="cpacheckerprojects/testFiles/dll-01-2.c"
				Binary="cpacheckerprojects/testFiles/dll-01-2.i"
				Parameters=""
				SPLSampleFile=""
		/>
			<Problem Source="cpacheckerprojects/testFiles/dll-simple-white-blue-1.c"
				Binary="cpacheckerprojects/testFiles/dll-simple-white-blue-1.i"
				Parameters=""
				SPLSampleFile=""
		/>
		<Problem Source="cpacheckerprojects/testFiles/filter1.c.v+nlh-reducer.c"
				Binary="cpacheckerprojects/testFiles/filter1.c.v+nlh-reducer.i"
	 			Parameters=""
	 			SPLSampleFile=""
	 	/>
		<Problem Source="cpacheckerprojects/testFiles/interpolation.c.p+cfa-reducer.c"
				Binary="cpacheckerprojects/testFiles/interpolation.c.p+cfa-reducer.i"
	 			Parameters=""
	 			SPLSampleFile=""
	 	/>
		<Problem Source="cpacheckerprojects/testFiles/mergeSort.c"
				Binary="cpacheckerprojects/testFiles/mergeSort.i"
				Parameters=""
				SPLSampleFile=""
		/>
		<Problem Source="cpacheckerprojects/testFiles/system-with-recursion.c"
				Binary="cpacheckerprojects/testFiles/system-with-recursion.i"
	 			Parameters=""
	 			SPLSampleFile=""
	 	/>
		<Problem Source="cpacheckerprojects/testFiles/s3_clnt.blast.01.i.cil-1.c"
				Binary="cpacheckerprojects/testFiles/s3_clnt.blast.01.i.cil-1.i"
	 			Parameters=""
	 			SPLSampleFile=""
	 	/>
		<Problem Source="cpacheckerprojects/testFiles/bAnd1.c"
				Binary="cpacheckerprojects/testFiles/bAnd1.i"
	 			Parameters=""
	 			SPLSampleFile=""
	 	/>
		<Problem Source="cpacheckerprojects/testFiles/bor1.c"
				Binary="cpacheckerprojects/testFiles/bor1.i"
				Parameters=""
				SPLSampleFile=""
		/>
		<Problem Source="cpacheckerprojects/testFiles/array-realloc-1.c"
				Binary="cpacheckerprojects/testFiles/array-realloc-1.i"
				Parameters=""
				SPLSampleFile=""
		/>
		<Problem Source="cpacheckerprojects/testFiles/double_req_bl_0220a.c"
				Binary="cpacheckerprojects/testFiles/double_req_bl_0220a.i"
				Parameters=""
				SPLSampleFile=""
		/>
		<Problem Source="cpacheckerprojects/testFiles/newton_1_1.c"
				Binary="cpacheckerprojects/testFiles/newton_1_1.i"
				Parameters=""
				SPLSampleFile=""
		/>
		<Problem Source="cpacheckerprojects/testFiles/calendar.c"
				Binary="cpacheckerprojects/testFiles/calendar.i"
				Parameters=""
				SPLSampleFile=""
		/>
		<Problem Source="cpacheckerprojects/testFiles/hash_fun.c"
				Binary="cpacheckerprojects/testFiles/hash_fun.i"
				Parameters=""
				SPLSampleFile=""
		/>
		<Problem Source="cpacheckerprojects/testFiles/test-0513_1.c"
				Binary="cpacheckerprojects/testFiles/test-0513_1.i"
				Parameters=""
				SPLSampleFile=""
		/>
		<Problem Source="cpacheckerprojects/testFiles/test_locks_6.c"
				Binary="cpacheckerprojects/testFiles/test_locks_6.i"
				Parameters=""
				SPLSampleFile=""
		/>
		<Problem Source="cpacheckerprojects/testFiles/c.03-alloca-2.c"
				Binary="cpacheckerprojects/testFiles/c.03-alloca-2.i"
				Parameters=""
				SPLSampleFile=""
		/>
	 	</Codeunit>
</job>
