<?xml version="1.0" encoding="UTF-8" standalone="no"?>
<featureModel>
	<properties>
		<graphics key="showhiddenfeatures" value="true"/>
		<graphics key="legendautolayout" value="true"/>
		<graphics key="showshortnames" value="false"/>
		<graphics key="layout" value="vertical"/>
		<graphics key="showcollapsedconstraints" value="true"/>
		<graphics key="legendhidden" value="false"/>
		<graphics key="layoutalgorithm" value="4"/>
	</properties>
	<struct>
		<and abstract="true" mandatory="true" name="CPAChecker">
			<graphics key="collapsed" value="false"/>
			<alt abstract="true" name="analysis.restartAfterUnknown">
				<graphics key="collapsed" value="false"/>
				<feature name="analysis.restartAfterUnknown_true"/>
				<feature name="analysis.restartAfterUnknown_false"/>
			</alt>
			<alt abstract="true" name="cfa.useCFACloningForMultiThreadedPrograms">
				<graphics key="collapsed" value="false"/>
				<feature name="cfa.useCFACloningForMultiThreadedPrograms_true"/>
				<feature name="cfa.useCFACloningForMultiThreadedPrograms_false"/>
			</alt>
			<alt abstract="true" name="cpa.smg.exportSMGwhen">
				<graphics key="collapsed" value="false"/>
				<feature name="cpa.smg.exportSMGwhen_ineresting"/>
				<feature name="cpa.smg.exportSMGwhen_never"/>
				<feature name="cpa.smg.exportSMGwhen_leave"/>
				<feature name="cpa.smg.exportSMGwhen_every"/>
			</alt>
			<alt abstract="true" name="cpa.smg.memoryErrors">
				<graphics key="collapsed" value="false"/>
				<feature name="cpa.smg.memoryErrors_true"/>
				<feature name="cpa.smg.memoryErrors_false"/>
			</alt>
			<alt abstract="true" name="cpa.smg.enableMallocFail">
				<graphics key="collapsed" value="false"/>
				<feature name="cpa.smg.enableMallocFail_false"/>
				<feature name="cpa.smg.enableMallocFail_true"/>
			</alt>
			<alt abstract="true" name="cpa.smg.unknownOnUndefined">
				<graphics key="collapsed" value="false"/>
				<feature name="cpa.smg.unknownOnUndefined_false"/>
				<feature name="cpa.smg.unknownOnUndefined_true"/>
			</alt>
			<and abstract="true" name="cpa.smg.handleUnknownFunctions">
				<graphics key="collapsed" value="false"/>
				<feature name="cpa.smg.handleUnknownFunctions_strict"/>
			</and>
			<alt abstract="true" name="cpa.smg.runtimeCheck">
				<graphics key="collapsed" value="false"/>
				<feature name="cpa.smg.runtimeCheck_full"/>
				<feature name="cpa.smg.runtimeCheck_forced"/>
				<feature name="cpa.smg.runtimeCheck_none"/>
				<feature name="cpa.smg.runtimeCheck_half"/>
			</alt>
			<alt abstract="true" name="analysis.traversal.order">
				<graphics key="collapsed" value="false"/>
				<feature name="analysis.traversal.order_rand"/>
				<feature name="analysis.traversal.order_dfs"/>
				<feature name="analysis.traversal.order_bfs"/>
				<feature name="analysis.traversal.order_random_path"/>
			</alt>
			<alt abstract="true" name="analysis.traversal.usePostorder">
				<graphics key="collapsed" value="false"/>
				<feature name="analysis.traversal.usePostorder_true"/>
				<feature name="analysis.traversal.usePostorder_false"/>
			</alt>
			<alt abstract="true" name="analysis.summaryEdges">
				<graphics key="collapsed" value="false"/>
				<feature name="analysis.summaryEdges_true"/>
				<feature name="analysis.summaryEdges_false"/>
			</alt>
			<alt abstract="true" name="cpa.callstack.skipRecursion">
				<graphics key="collapsed" value="false"/>
				<feature name="cpa.callstack.skipRecursion_true"/>
				<feature name="cpa.callstack.skipRecursion_false"/>
			</alt>
			<alt abstract="true" name="cfa.simplifyCfa">
				<graphics key="collapsed" value="false"/>
				<feature name="cfa.simplifyCfa_false"/>
				<feature name="cfa.simplifyCfa_true"/>
			</alt>
			<alt abstract="true" name="cfa.simplifyConstExpressions">
				<graphics key="collapsed" value="false"/>
				<feature name="cfa.simplifyConstExpressions_false"/>
				<feature name="cfa.simplifyConstExpressions_true"/>
			</alt>
			<alt abstract="true" name="cfa.findLiveVariables">
				<feature name="cfa.findLiveVariables_false"/>
				<feature name="cfa.findLiveVariables_true"/>
			</alt>

			<alt abstract="true" name="cpa.predicate.handleStringLiteralInitializers">
				<feature name="cpa.predicate.handleStringLiteralInitializers_true"/>
				<feature name="cpa.predicate.handleStringLiteralInitializers_false"/>
			</alt>
			<and abstract="true" name="cpa.predicate.maxPreciseStrlenSize">
				<feature name="cpa.predicate.maxPreciseStrlenSize_42"/>
			</and>
			<alt abstract="true" name="analysis.useParallelAnalyses">
				<feature name="analysis.useParallelAnalyses_true"/>
				<feature name="analysis.useParallelAnalyses_false"/>
			</alt>
			<alt abstract="true" name="cpa.invariants.maximumFormulaDepth">
				<feature name="cpa.invariants.maximumFormulaDepth_4"/>
				<feature name="cpa.invariants.maximumFormulaDepth_1"/>
			</alt>
			<alt abstract="true" name="cpa.invariants.interestingVariableLimit">
				<feature name="cpa.invariants.interestingVariableLimit_0"/>
				<feature name="_cpa.invariants.interestingVariableLimit_-1"/>
				<feature name="cpa.invariants.interestingVariableLimit_2"/>
			</alt>
			<alt abstract="true" name="cpa.invariants.abstractionStateFactory">
				<feature name="cpa.invariants.abstractionStateFactory_entering_edges"/>
				<feature name="cpa.invariants.abstractionStateFactory_always"/>
				<feature name="cpa.invariants.abstractionStateFactory_never"/>
			</alt>

		</and>
	</struct>

</featureModel>
